{"cameraMode":{"drawMode":0,"name":"Shaded","section":"Shading Mode"},"sceneLighting":false,"audioPlay":false,"sceneViewState":{"showFog":true,"showMaterialUpdate":false,"showSkybox":false,"showFlares":true,"showImageEffects":true,"showParticleSystems":true},"in2DMode":false,"pivot":{"x":-5.541532039642334,"y":1.9702668190002442,"z":-1.0182676315307618},"rotation":{"x":0.0010454484727233649,"y":-0.9989284873008728,"z":0.03628670796751976,"w":0.02876869961619377},"size":7.658962726593018,"orthographic":false}