{"cameraMode":{"drawMode":0,"name":"Shaded","section":"Shading Mode"},"sceneLighting":true,"audioPlay":false,"sceneViewState":{"showFog":true,"showMaterialUpdate":false,"showSkybox":true,"showFlares":true,"showImageEffects":true,"showParticleSystems":true},"in2DMode":false,"pivot":{"x":-2.9846572875976564,"y":14.98910903930664,"z":1.7840251922607422},"rotation":{"x":0.15805202722549439,"y":-0.7908773422241211,"z":0.22939904034137727,"w":0.5448988080024719},"size":24.19877052307129,"orthographic":false}